Date,Open,High,Low,Close,Adj Close,Volume
4/18/2019,65,66,60.320999,62,62,25764700
4/22/2019,61,68.900002,59.939999,65.699997,65.699997,9949700
4/23/2019,66.870003,74.168999,65.550003,69,69,6786500
4/24/2019,71.400002,71.5,63.16,63.200001,63.200001,4973500
4/25/2019,64.739998,66.849998,62.599998,65,65,3863300
4/26/2019,66.120003,66.989998,63.599998,66.220001,66.220001,1527400
4/29/2019,66.529999,68.5,64.75,68.169998,68.169998,1822300
4/30/2019,68.400002,72.519997,66.669998,72.470001,72.470001,4113100
5/1/2019,72.720001,76.949997,70.816002,72.760002,72.760002,3301900
5/2/2019,72.75,75.889999,69.691002,75.5,75.5,2525300
5/3/2019,75,80.25,75,79.18,79.18,2590300
5/6/2019,75.010002,80.790001,74.5,78.239998,78.239998,2051800
5/7/2019,77.849998,78.050003,73.25,73.330002,73.330002,1975200
5/8/2019,74.610001,78.5,74.029999,77.68,77.68,2265500
5/9/2019,76.849998,76.989998,74,75.209999,75.209999,1348200
5/10/2019,75.790001,79.739998,74.769997,79.629997,79.629997,1555100
5/13/2019,77.389999,77.389999,70.599998,72.540001,72.540001,2873200
5/14/2019,74.120003,76.885002,73.110001,73.139999,73.139999,1950400
5/15/2019,73.400002,80,72.209999,79.760002,79.760002,2426500
5/16/2019,80.120003,87.550003,79.25,83.400002,83.400002,4580700
5/17/2019,82.25,90.279999,81.879997,89.980003,89.980003,3442500
5/20/2019,90.099998,91.459999,83.269997,84.669998,84.669998,3666800
5/21/2019,86.629997,89.699997,84.5,85.440002,85.440002,2576000
5/22/2019,84.629997,85.699997,82,82.43,82.43,1596400
5/23/2019,81.25,81.5,77.260002,78.760002,78.760002,2856000
5/24/2019,80.480003,81.25,74.199997,76.25,76.25,2946800
5/28/2019,76.800003,79.389999,76.800003,77.769997,77.769997,1641300
5/29/2019,77,77.93,73.583,75.769997,75.769997,1512100
5/30/2019,76.68,80.970001,76.599998,80.419998,80.419998,1996000
5/31/2019,78.769997,83.169998,77.779999,79.730003,79.730003,1594300
6/3/2019,80,81.940002,75.650002,75.900002,75.900002,1570500
6/4/2019,78.199997,78.879997,76.620003,78.739998,78.739998,1134900
6/5/2019,80.139999,80.599998,76.239998,78.040001,78.040001,1295800
6/6/2019,77.400002,79.75,77.029999,79.43,79.43,3024000
6/7/2019,93.660004,98.889999,92.5,94.050003,94.050003,9487800
6/10/2019,98.510002,105.985001,96,102,102,4852800
6/11/2019,101,101.199997,91.57,94.870003,94.870003,4372400
6/12/2019,94.599998,104.184998,94,102.769997,102.769997,3156900
6/13/2019,105.099998,105.171997,98.550003,100.949997,100.949997,3189100
6/14/2019,100.470001,104.57,99.25,100.290001,100.290001,1889300
6/17/2019,101,102.446999,97,98.110001,98.110001,2128500
6/18/2019,100.389999,102,97.510002,99.639999,99.639999,2272400
6/19/2019,100.489998,104.445,98.629997,102.389999,102.389999,2592700
6/20/2019,105.010002,107.339996,101.621002,102.300003,102.300003,2460700
6/21/2019,101.419998,101.531998,97.82,100.470001,100.470001,2972500
6/24/2019,100.849998,101.5,88.879997,89.410004,89.410004,6011200
6/25/2019,89.43,91.5,84.629997,85.029999,85.029999,3744500
6/26/2019,87.919998,89.080002,84.605003,86.330002,86.330002,2680000
6/27/2019,89.699997,92.330002,87.800003,90.269997,90.269997,3019500
6/28/2019,91.760002,92.199997,87.25,88.790001,88.790001,3228300
7/1/2019,85.129997,87.790001,83.099998,86.860001,86.860001,5306600
7/2/2019,86.269997,86.849998,84,85.129997,85.129997,1866000
7/3/2019,85.449997,90.599998,84.510002,90.449997,90.449997,2706100
7/5/2019,90.139999,91.970001,88,91.879997,91.879997,2582700
7/8/2019,91.440002,92.790001,89.889999,90.760002,90.760002,1793300
7/9/2019,90.269997,91.269997,89.099998,90.93,90.93,1557400
7/10/2019,91.760002,93.449997,91.550003,92.720001,92.720001,2059300
7/11/2019,92.900002,93.199997,90.452003,91.400002,91.400002,1784600
7/12/2019,93.010002,94.93,91.370003,93.300003,93.300003,2689700
7/15/2019,94,100.650002,93.779999,99.800003,99.800003,3835600
7/16/2019,100.139999,100.5,96.5,97.099998,97.099998,2120100
7/17/2019,97.620003,101.987,97.540001,99.730003,99.730003,2314100
7/18/2019,99.239998,99.5,95.015999,95.190002,95.190002,1948800
7/19/2019,97.150002,97.790001,92.879997,93.379997,93.379997,1747700
7/22/2019,94.190002,97.464996,93.504997,96.669998,96.669998,1483000
7/23/2019,97.5,98.150002,93.519997,97.389999,97.389999,2241700
7/24/2019,97.120003,97.879997,94.684998,95.940002,95.940002,1283700
7/25/2019,95.839996,99.599998,95.75,97.110001,97.110001,1870300
7/26/2019,97.949997,104.489998,97.830002,102.199997,102.199997,3040700
7/29/2019,102.599998,102.998001,92.099998,96.470001,96.470001,4230300
7/30/2019,95.190002,99.349998,94.029999,95.489998,95.489998,1635500
7/31/2019,96.43,97.5,93.5,95.510002,95.510002,1514700
8/1/2019,95.75,98.660004,93.800003,95.099998,95.099998,1530400
8/2/2019,94.919998,96,92.566002,93.660004,93.660004,1117100
8/5/2019,90.699997,91.190002,87.290001,89.690002,89.690002,1774400
8/6/2019,91.5,92.290001,88.099998,90.43,90.43,1028700
8/7/2019,89.019997,93.160004,88.019997,92.449997,92.449997,996100
8/8/2019,93.57,95.839996,93.019997,95.769997,95.769997,925600
8/9/2019,94.790001,95.489998,93.309998,94.199997,94.199997,800500
8/12/2019,93.050003,94.18,91.110001,92.160004,92.160004,779300
8/13/2019,92.059998,96.223,92.059998,95.449997,95.449997,1167200
8/14/2019,93.199997,94.522003,89.889999,92.650002,92.650002,1265700
8/15/2019,92.769997,93.440002,89.690002,90.639999,90.639999,1079800
8/16/2019,92.120003,95,92.080002,92.529999,92.529999,1259300
8/19/2019,94.18,96.199997,92.889999,93.169998,93.169998,1226000
8/20/2019,93,93.57,91.139999,91.410004,91.410004,746100
8/21/2019,92.860001,94.181,92.353996,93.010002,93.010002,760000
8/22/2019,93.480003,95.5,91.57,93.879997,93.879997,883000
8/23/2019,93.139999,94.129997,90.410004,91.629997,91.629997,1368400
8/26/2019,92.330002,93.5,91.449997,91.760002,91.760002,697400
8/27/2019,92.599998,93.690002,90.440002,91.730003,91.730003,825800
8/28/2019,91.160004,91.379997,88.710999,90.160004,90.160004,1148300
8/29/2019,91.5,92.68,90.699997,90.870003,90.870003,851800
8/30/2019,91.82,92.419998,89.019997,91.669998,91.669998,1186100
9/3/2019,91.5,94.239998,90.75,92.459999,92.459999,1538900
9/4/2019,93.949997,96,93.18,93.529999,93.529999,2400700
9/5/2019,94.239998,94.379997,88.510002,92.690002,92.690002,4991800
9/6/2019,92,96.5,84.860001,85.410004,85.410004,7289700
9/9/2019,85.75,85.940002,77.199997,78.650002,78.650002,6713800
9/10/2019,77,81.221001,76.809998,80.349998,80.349998,2813200
9/11/2019,80,81.860001,78.5,80.709999,80.709999,2013600
9/12/2019,81.449997,82.650002,79.900002,81.529999,81.529999,1955100
9/13/2019,81.57,82.475998,78.269997,78.849998,78.849998,1416800
9/16/2019,78.5,80.989998,78.260002,80.669998,80.669998,1630100
9/17/2019,81.489998,84.82,79.529999,84.639999,84.639999,2539900
9/18/2019,84.400002,86,83.5,84.550003,84.550003,1835400
9/19/2019,85.199997,85.349998,83.25,84.620003,84.620003,1266600
9/20/2019,85,85.349998,81.5,82.629997,82.629997,2050100
9/23/2019,82.290001,83.599998,81.800003,82.620003,82.620003,677000
9/24/2019,82.43,82.93,79.459999,80.019997,80.019997,2145400
9/25/2019,79.120003,79.989998,76.080002,79.599998,79.599998,1924100
9/26/2019,79.25,80.620003,78.614998,79.75,79.75,920000
9/27/2019,79.690002,79.824997,75.089996,76.040001,76.040001,2347400
9/30/2019,76.129997,77,74.290001,76.199997,76.199997,1356500
10/1/2019,76.43,77.489998,75.209999,75.809998,75.809998,1378100
10/2/2019,74.5,75.779999,73.660004,73.849998,73.849998,1388700
10/3/2019,73.900002,78.489998,73.389999,76.830002,76.830002,2605800
10/4/2019,77,77.782997,75.279999,76.529999,76.529999,1799500
10/7/2019,76.989998,77.43,75,76.989998,76.989998,1432200
10/8/2019,76.010002,76.353996,72.580002,73.589996,73.589996,3156600
10/9/2019,74.220001,75.059998,72.75,72.860001,72.860001,1490100
10/10/2019,72.860001,73.779999,71.010002,71.010002,71.010002,2282200
10/11/2019,71.370003,72.889999,70.902,71.349998,71.349998,2391800
10/14/2019,70.459999,71.239998,69.550003,70.800003,70.800003,2218100
10/15/2019,68.760002,71.269997,68.379997,71.110001,71.110001,10576600
10/16/2019,69.699997,69.949997,66.510002,67.690002,67.690002,6061400
10/17/2019,67.089996,68,66.760002,67.029999,67.029999,3496800
10/18/2019,66.260002,66.93,64.529999,66.080002,66.080002,4819400
10/21/2019,65.290001,66.5,64.157997,65.769997,65.769997,3076500
10/22/2019,64.199997,64.599998,61.02,62,62,4584700
10/23/2019,61.330002,63.740002,60.967999,62.060001,62.060001,3589200
10/24/2019,63,65.940002,62.759998,64.519997,64.519997,3433300
10/25/2019,64.330002,64.989998,62.790001,63.450001,63.450001,1921900
10/28/2019,63.959999,67.470001,62.259998,66.559998,66.559998,3509300
10/29/2019,65.769997,67.110001,64.800003,65.489998,65.489998,1825300
10/30/2019,65.970001,70.089996,65.660004,70,70,4670300
10/31/2019,69.519997,70.080002,66.599998,69.889999,69.889999,3405300
11/1/2019,69.860001,70.550003,68.019997,70.389999,70.389999,3561800
11/4/2019,70.809998,70.849998,69.010002,70.120003,70.120003,1563100
11/5/2019,70.709999,70.849998,66.68,66.889999,66.889999,1805900
11/6/2019,66.949997,67.129997,65.360001,66.830002,66.830002,1327400
11/7/2019,67.029999,68.68,66.209999,66.809998,66.809998,1128200
11/8/2019,66.540001,70,66.519997,69.849998,69.849998,1472400
11/11/2019,69.510002,70.190002,67.760002,68.389999,68.389999,1037500
11/12/2019,68.5,70.050003,67.559998,68,68,1911000
11/13/2019,68,68.508003,66.870003,68.010002,68.010002,1987000
11/14/2019,67.769997,68.150002,66.709999,67.739998,67.739998,932500
11/15/2019,68.129997,71.099998,67.910004,70.010002,70.010002,2311800
11/18/2019,70.470001,71.139999,68.779999,70.080002,70.080002,1676000
11/19/2019,70.190002,70.332001,68.190002,69.639999,69.639999,1704700
11/20/2019,69.25,71.709999,68.550003,70.989998,70.989998,2780700
11/21/2019,71.5,71.949997,69.580002,69.919998,69.919998,1127000
11/22/2019,72,74,71.150002,73.160004,73.160004,3051900
11/25/2019,73.800003,75.059998,72.860001,74.550003,74.550003,1936400
11/26/2019,75,75.769997,74.760002,75.160004,75.160004,1836500
11/27/2019,75.809998,75.839996,73.360001,74.080002,74.080002,1355900
11/29/2019,74.099998,74.940002,73.860001,74.5,74.5,512600
12/2/2019,74.059998,74.5,68.459999,68.93,68.93,3138600
12/3/2019,66.720001,70.529999,66.050003,70.019997,70.019997,2444200
12/4/2019,70.5,70.900002,69.150002,69.959999,69.959999,2076500
12/5/2019,70.029999,70.75,69.220001,69.669998,69.669998,3672600
12/6/2019,64.260002,65.080002,62.110001,62.740002,62.740002,11253600
12/9/2019,62.389999,67.269997,62.330002,65.940002,65.940002,5234100
12/10/2019,65.489998,65.830002,63.389999,64.57,64.57,3895700
12/11/2019,64.239998,64.449997,62.049999,63.52,63.52,3685600
12/12/2019,63.490002,64.230003,62.119999,62.490002,62.490002,3317300
12/13/2019,62.5,63.75,62.02,63.540001,63.540001,2489400
12/16/2019,63.59,66.389999,63.560001,66.349998,66.349998,3282800
12/17/2019,66.620003,66.620003,65.400002,66.169998,66.169998,2301000
12/18/2019,66.220001,68.139999,66.040001,67.599998,67.599998,2237000
12/19/2019,67.75,68.459999,67.099998,68.18,68.18,1610500
12/20/2019,68.199997,68.480003,66.415001,66.93,66.93,2201400
12/23/2019,67.019997,67.5,65.93,66.150002,66.150002,1663500
12/24/2019,66.300003,66.885002,65.739998,66.459999,66.459999,562600
12/26/2019,66.5,68.190002,66.300003,67.449997,67.449997,1387600
12/27/2019,67.510002,67.959999,66.510002,66.639999,66.639999,955400
12/30/2019,66.559998,67.18,65.519997,66.790001,66.790001,1162700
12/31/2019,66.379997,68.18,66.309998,68.040001,68.040001,1351400
1/2/2020,68.800003,69.235001,68.019997,68.720001,68.720001,1315500
1/3/2020,67.620003,68.68,67.099998,67.279999,67.279999,1127900
1/6/2020,66.629997,70.495003,65.811996,70.32,70.32,3151600
1/7/2020,70.290001,72.838997,69.370003,71.900002,71.900002,6985400
1/8/2020,71.809998,73.290001,71.029999,72.550003,72.550003,2482300
1/9/2020,73.989998,74,71.349998,72.620003,72.620003,2772000
1/10/2020,73.080002,73.800003,72.25,73.089996,73.089996,1655100
1/13/2020,73.889999,75.580002,73.800003,74.029999,74.029999,3347100
1/14/2020,74.32,75.114998,72.260002,73.160004,73.160004,1909500
1/15/2020,73.279999,77.779999,73.199997,76.940002,76.940002,3963500
1/16/2020,78,78.790001,75.110001,76.110001,76.110001,2998300
1/17/2020,76.660004,76.900002,75.489998,75.559998,75.559998,1357400
1/21/2020,75.559998,77.120003,74.32,76.730003,76.730003,1606700
1/22/2020,77.07,77.106003,75.459999,75.540001,75.540001,1501600
1/23/2020,75.669998,75.970001,74.209999,74.470001,74.470001,1279000
1/24/2020,74.970001,76.184998,72.375,73,73,1660200
1/27/2020,71.330002,72.132004,70.32,70.440002,70.440002,1750700
1/28/2020,71,72.480003,70.260002,71.510002,71.510002,1598200
1/29/2020,72.510002,74.139999,71.212997,73.580002,73.580002,1373400
1/30/2020,73.099998,74.800003,72.550003,74.540001,74.540001,1425400
1/31/2020,74.269997,76.669998,73.300003,76.300003,76.300003,2521700
2/3/2020,77.690002,88.940002,77.510002,87.660004,87.660004,12941300
2/4/2020,91.040001,93.300003,83.5,85.790001,85.790001,10611000
2/5/2020,85.769997,90.970001,83.754997,86.989998,86.989998,5126800
2/6/2020,87,89.440002,85.260002,87.260002,87.260002,2410800
2/7/2020,87.230003,90.599998,86.809998,88.639999,88.639999,2636600
2/10/2020,89.089996,89.980003,86.910004,89.669998,89.669998,2071600
2/11/2020,90,90.5,87.93,88.68,88.68,2731900
2/12/2020,88.660004,89.5,86.519997,88.279999,88.279999,1671100
2/13/2020,87.610001,91.93,87,89.860001,89.860001,3406400
2/14/2020,90.879997,91.709999,89.809998,90.949997,90.949997,2295000
2/18/2020,93.019997,98.139999,92.400002,96.389999,96.389999,5608200
2/19/2020,100.32,105.080002,99.75,103.93,103.93,7793800
2/20/2020,104,110.75,101.43,105.290001,105.290001,11293200
2/21/2020,104.029999,104.290001,98.089996,101.760002,101.760002,5519200
2/24/2020,97.800003,110,97.019997,105.010002,105.010002,12172800
2/25/2020,108.519997,111.800003,104.466003,107.080002,107.080002,13425900
2/26/2020,109.943001,111.300003,105.599998,106.879997,106.879997,6867500
2/27/2020,109.43,118,107.599998,113.550003,113.550003,13511800
2/28/2020,121.07,121.93,97.370003,105,105,21617100
3/2/2020,109.349998,114.5,102.5,113.110001,113.110001,10157400
3/3/2020,114.550003,119.199997,112.110001,117.470001,117.470001,11033700
3/4/2020,118.510002,119.970001,113.110001,116.800003,116.800003,12102600
3/5/2020,110.25,129.830002,110,125,125,28149400
3/6/2020,119.650002,122,107,114.32,114.32,22975700
3/9/2020,105,116.5,100.879997,113.75,113.75,14571300
3/10/2020,113.800003,113.800003,105,108.489998,108.489998,10244000
3/11/2020,108.410004,113.989998,107,110.300003,110.300003,12576700
3/12/2020,106.25,113.871002,104.389999,109.470001,109.470001,12097900
3/13/2020,113,113.800003,104.160004,107.470001,107.470001,9233500
3/16/2020,105,119.870003,103.199997,107.860001,107.860001,17210700
3/17/2020,107.330002,113.830002,102,111.099998,111.099998,18721500
3/18/2020,111,119,108.849998,118.709999,118.709999,13594300
3/19/2020,122.949997,132.229996,119.099998,123.769997,123.769997,16248400
3/20/2020,129,135.979996,124,130.550003,130.550003,13872600
3/23/2020,141.996994,164.940002,137.25,159.559998,159.559998,27681500
3/24/2020,154,155,133.880005,135.179993,135.179993,22401300
3/25/2020,140.104996,149,136.199997,138.110001,138.110001,14743000
3/26/2020,140.509995,146.649994,138.199997,141.149994,141.149994,9252700
3/27/2020,145.699997,154.970001,145.600006,151.699997,151.699997,13271900
3/30/2020,160.759995,161.690002,147.199997,150.880005,150.880005,15762200
3/31/2020,147.020004,149.789993,143.356995,146.119995,146.119995,10023700
4/1/2020,144.5,144.600006,135.179993,137,137,11453300
4/2/2020,125.300003,133.488998,114.5,121.93,121.93,27313800
4/3/2020,124.300003,128.479996,120.110001,128.199997,128.199997,12238100
4/6/2020,113.629997,125.175003,108.529999,122.940002,122.940002,25378900
4/7/2020,118.004997,118.440002,109.570999,113.75,113.75,20166200
4/8/2020,115.019997,125.877998,112.5,117.809998,117.809998,26243300
4/9/2020,117.800003,125.5,114,124.510002,124.510002,15513000
4/13/2020,127,136.860001,125.603996,135.919998,135.919998,15411700
4/14/2020,141.070007,145.199997,139.009995,141.889999,141.889999,11679900
4/15/2020,141.710007,152.570007,140,151.559998,151.559998,14193300
4/16/2020,149.919998,154.25,146.800003,150.259995,150.259995,15138200
4/17/2020,147.910004,153.789001,144.029999,150.059998,150.059998,11328400
4/20/2020,153.300003,155,148.253998,148.990005,148.990005,11218700
4/21/2020,151.419998,154.75,138.360001,143.270004,143.270004,9709100
4/22/2020,147.100006,152.279999,145.100006,150.25,150.25,6520700
4/23/2020,154.009995,169.75,153.490005,169.089996,169.089996,22159800
4/24/2020,177.149994,181.5,158.300003,158.800003,158.800003,43814100
4/27/2020,156.589996,167.850006,155,164.600006,164.600006,19783700
4/28/2020,165,166,155.25,156.720001,156.720001,13477800
4/29/2020,147.979996,151,143.380005,146.479996,146.479996,22033300
4/30/2020,139.990005,143.800003,133.679993,135.169998,135.169998,16682300
5/1/2020,136,141.630005,132.669998,138.559998,138.559998,13807000
5/4/2020,140.770004,144.979996,140.449997,143.440002,143.440002,9184700
5/5/2020,144.429993,148.440002,140.860001,144.820007,144.820007,7376300
5/6/2020,145.470001,150.740005,144.089996,149.589996,149.589996,6031100
5/7/2020,154.839996,162,154.039993,157.800003,157.800003,8388900
5/8/2020,160,161.160004,152.705002,155.399994,155.399994,7071800
5/11/2020,159.429993,168,158,166.479996,166.479996,10142700
5/12/2020,168,168.229996,160.050003,161.039993,161.039993,7102600
5/13/2020,163.610001,171.5,159.169998,167.139999,167.139999,11081300
5/14/2020,168.259995,170.800003,162.889999,167.910004,167.910004,6730500
5/15/2020,166.75,175.440002,166.559998,174.830002,174.830002,8540500
5/18/2020,170.029999,173.440002,162.641998,164.690002,164.690002,9608300
5/19/2020,167,173.860001,166.210007,173.679993,173.679993,8485500
5/20/2020,173.529999,175.639999,170.529999,175.479996,175.479996,6910000
5/21/2020,175.960007,177.800003,168.360001,172.029999,172.029999,5525300
5/22/2020,171.860001,175.889999,170.199997,171.059998,171.059998,4302200
5/26/2020,169.100006,169.690002,163.119995,164,164,6689700
5/27/2020,158.009995,162.220001,149.160004,161.970001,161.970001,10076700
5/28/2020,159.229996,169.399994,159.199997,163.550003,163.550003,6386800
5/29/2020,168,179.990005,167.860001,179.479996,179.479996,15219600
6/1/2020,183.179993,205.869995,183,204.149994,204.149994,24394400
6/2/2020,210.25,212.690002,197.320007,208.080002,208.080002,36853400
6/3/2020,211.699997,224.460007,202.320007,223.869995,223.869995,32390100
6/4/2020,221,223,207.600006,210.350006,210.350006,20212600
6/5/2020,200.110001,208.940002,196.100006,207.600006,207.600006,16298700
6/8/2020,204.350006,211.440002,198.660004,209.830002,209.830002,10457500
6/9/2020,209.830002,210.589996,202.929993,205.429993,205.429993,7521800
6/10/2020,208.889999,221.529999,208.259995,221.020004,221.020004,12241100
6/11/2020,219.179993,232,218.5,222.070007,222.070007,17615800
6/12/2020,224.789993,231.449997,216.75,219.520004,219.520004,8780400
6/15/2020,227.839996,239.589996,226.380005,239.020004,239.020004,13959100
6/16/2020,235.990005,243.5,231.820999,242.559998,242.559998,11333300
6/17/2020,243.179993,243.880005,235.119995,236.759995,236.759995,11704300
6/18/2020,240.389999,242.610001,238.220001,241.570007,241.570007,9340900
6/19/2020,241.639999,243.570007,238.703995,243.479996,243.479996,10077500
6/22/2020,247.464996,254.899994,247.289993,251.270004,251.270004,11093700
6/23/2020,251.259995,254.774994,247.570007,252.809998,252.809998,8791500
6/24/2020,254.5,258.75,248.600006,255.899994,255.899994,9862800
6/25/2020,258.230011,260.290009,252.660004,259.51001,259.51001,7490500
6/26/2020,260.519989,261.619995,250.360001,256.799988,256.799988,17142900
6/29/2020,254.970001,255.899994,243.589996,248.559998,248.559998,8436400
6/30/2020,249.869995,256.829987,248.350006,253.539993,253.539993,6305500
7/1/2020,251.350006,261,247.210007,259.130005,259.130005,6803300
7/2/2020,261,263.799988,258,261.73999,261.73999,5629000
7/6/2020,265,275.079987,259.320007,261,261,12250200
7/7/2020,261.549988,266.450012,258.100006,262.100006,262.100006,7819700
7/8/2020,263.799988,268.528015,261.290009,266.320007,266.320007,6012900
7/9/2020,269.01001,272.700012,264.220001,269.519989,269.519989,5396000
7/10/2020,271.769989,278.160004,268.640015,275.869995,275.869995,6354800
7/13/2020,278.630005,281,256.338013,260.299988,260.299988,9293000
7/14/2020,260.959991,265.329987,240.449997,260.01001,260.01001,8713100
7/15/2020,253.699997,257.5,248.119995,256.220001,256.220001,6073600
7/16/2020,250.389999,253,243.429993,248.539993,248.539993,5420100
7/17/2020,247.169998,250.936996,241.289993,246.539993,246.539993,4626600
7/20/2020,246.487,271.350006,245.990005,268.579987,268.579987,9784900
7/21/2020,268.75,269.75,258.200012,260.440002,260.440002,4756600
7/22/2020,261.950012,265.399994,255.809998,261.179993,261.179993,4581600
7/23/2020,260.839996,264.899994,249.210007,251.5,251.5,4589400
7/24/2020,246.199997,250.210007,237.199997,246.559998,246.559998,4303200
7/27/2020,249.279999,252.970001,246.220001,252.330002,252.330002,3328600
7/28/2020,252.699997,258.910004,251.320007,252.179993,252.179993,3366200
7/29/2020,255.550003,259.929993,251.149994,252.389999,252.389999,3333700
7/30/2020,250.313995,256.325989,239.320007,250,250,7926100
7/31/2020,253.5,255.199997,248.360001,253.910004,253.910004,3378800
8/3/2020,256.829987,271.100006,256.109985,268,268,6779300
8/4/2020,268,269.190002,262,267.339996,267.339996,3087300
8/5/2020,266.290009,275.093994,262.519989,272.899994,272.899994,4514900
8/6/2020,273.869995,274.480011,263.910004,268.25,268.25,3602900
8/7/2020,266.450012,268,252.789993,258.730011,258.730011,5024700
8/10/2020,259.140015,261.440002,244.539993,250,250,5714000
8/11/2020,245.479996,245.479996,230,231.039993,231.039993,9730500
8/12/2020,232.300003,239.399994,230.75,236.720001,236.720001,3924600
8/13/2020,238.149994,250.100006,238.149994,247.25,247.25,4749700
8/14/2020,249.440002,252.429993,242.399994,244.910004,244.910004,3662800
8/17/2020,248.699997,267.940002,248.509995,266.149994,266.149994,8959200
8/18/2020,271.720001,277.779999,265.5,276.799988,276.799988,6517000
8/19/2020,274.684998,279.589996,270.321991,273.51001,273.51001,4674000
8/20/2020,274.450012,290.880005,273.98999,290.690002,290.690002,9318400
8/21/2020,291,295.970001,286.944,289.679993,289.679993,5250100
8/24/2020,293,293.869995,274.105988,282.279999,282.279999,6463500
8/25/2020,279,293.721985,275.809998,290.440002,290.440002,4602900
8/26/2020,293,302,290.850006,295.269989,295.269989,5692100
8/27/2020,295.690002,301.519989,290.329987,294.679993,294.679993,5560600
8/28/2020,299.220001,303.579987,297.26001,299.269989,299.269989,5342300
8/31/2020,304.01001,325.899994,301.269989,325.100006,325.100006,23468100
9/1/2020,439.51001,478,410.679993,457.690002,457.690002,53226200
9/2/2020,445.670013,445.670013,410,423.559998,423.559998,18866800
9/3/2020,399.549988,409.899994,367,381.320007,381.320007,20304300
9/4/2020,375.5,386.01001,346.76001,369.890015,369.890015,13230100
9/8/2020,350.700012,365.5,345.679993,350.880005,350.880005,7966500
9/9/2020,369.75,394.799011,362.122986,389.649994,389.649994,17325800
9/10/2020,400,407.820007,378.359985,384.480011,384.480011,11932100
9/11/2020,389.130005,400.75,373.049988,383,383,9297600
9/14/2020,391.744995,404.359985,386.130005,403.51001,403.51001,7963100
9/15/2020,410,413.5,391.049988,410.940002,410.940002,8495600
9/16/2020,406.273987,419.420013,404.220001,408.170013,408.170013,6739800
9/17/2020,389,417.820007,387,413.125,413.125,9260400
9/18/2020,419.799988,442,407.5,438.730011,438.730011,22315700
9/21/2020,434,470,434,468.470001,468.470001,16843800
9/22/2020,477,494.899994,458.75,492.600006,492.600006,16440600
9/23/2020,489.48999,529.73999,483.252991,500.529999,500.529999,27051300
9/24/2020,487.01001,502.25,457.690002,464.980011,464.980011,17896600
9/25/2020,474.869995,500,474.869995,496.5,496.5,12906800
9/28/2020,502.410004,519.77002,479.570007,487.660004,487.660004,17621300
9/29/2020,488.130005,489.799988,463,465.5,465.5,15211300
9/30/2020,464.209991,481.554993,462,470.109985,470.109985,8971100
10/1/2020,477,483.730011,465,482.98999,482.98999,7859300
10/2/2020,485.005005,507.48999,481,482.230011,482.230011,12791700
10/5/2020,493.970001,496.899994,475.26001,485.369995,485.369995,7534700
10/6/2020,480.51001,487.899994,473.222992,478.25,478.25,6097700
10/7/2020,482.5,487.5,477.109985,480.609985,480.609985,4449500
10/8/2020,484,489.48999,475.579987,478.549988,478.549988,4193100
10/9/2020,487.98999,498.899994,484.079987,492.410004,492.410004,8719700
10/12/2020,501.429993,506.109985,490.477997,491.540009,491.540009,6979500
10/13/2020,494,520,493,518.789978,518.789978,8941500
10/14/2020,518.780029,519.799988,498.600006,509.25,509.25,8308900
10/15/2020,509.079987,540.049988,506.5,536.400024,536.400024,16520600
10/16/2020,544,565.450012,543.25,559,559,13745800
10/19/2020,572.5,588.840027,562.549988,568.340027,568.340027,15193200
10/20/2020,572.330017,575.690002,534.590027,537.02002,537.02002,12098200
10/21/2020,535.880005,551.659973,511.779999,513.190002,513.190002,9215400
10/22/2020,521.780029,530.429993,503.470001,520.539978,520.539978,8100900
10/23/2020,522.330017,527,505.410004,511.519989,511.519989,5377100
10/26/2020,520.489014,541.10498,510.309998,517.789978,517.789978,10080800
10/27/2020,525.219971,540,513.299988,538.98999,538.98999,7227600
10/28/2020,549.5,553.859009,511.5,516.01001,516.01001,8810100
10/29/2020,521.190002,525.455017,483.5,489.679993,489.679993,9207600
10/30/2020,481.5,495.950012,457.019989,460.910004,460.910004,8697800
11/2/2020,462.290009,477,440,453,453,8051900
11/3/2020,456.328003,461.880005,445.01001,451.51001,451.51001,6497000
11/4/2020,471.920013,484.940002,455.399994,483.700012,483.700012,8048500
11/5/2020,497.98999,499.350006,480.760986,496.730011,496.730011,6379900
11/6/2020,494.660004,505.880005,482.730011,500.109985,500.109985,4266000
11/9/2020,433,446.470001,402,413.23999,413.23999,18033500
11/10/2020,412.503998,414.450012,366.279999,376.01001,376.01001,20751900
11/11/2020,391.649994,419.799988,385,413.339996,413.339996,16691100
11/12/2020,427.850006,435.75,419.609985,428.640015,428.640015,14910000
11/13/2020,425.98999,428.468994,396.869995,403.579987,403.579987,11732200
11/16/2020,382.600006,400.799988,375.100006,399.149994,399.149994,12054400
11/17/2020,406.290009,411.5,396.320007,401.630005,401.630005,6972100
11/18/2020,399,423.5,390.220001,415.040009,415.040009,10974200
11/19/2020,408.98999,427.890015,407.5,414.290009,414.290009,8007000
11/20/2020,418.549988,445.299988,415.559998,439.600006,439.600006,12586600
11/23/2020,432.01001,436.513,417.880005,430.279999,430.279999,8486000
11/24/2020,421.505005,438.832001,420.01001,427.549988,427.549988,6148400
11/25/2020,435.850006,448.480011,433.329987,443.720001,443.720001,8763700
11/27/2020,453.98999,472.040009,449,471.609985,471.609985,7276400
11/30/2020,485.700012,486.829987,460,478.359985,478.359985,16646500
12/1/2020,434.720001,434.98999,401.720001,406.309998,406.309998,20837500
12/2/2020,399,424.549988,394.570007,412.859985,412.859985,10962800
12/3/2020,413,419.170013,405.019989,413.540009,413.540009,6306700
12/4/2020,409.26001,418.880005,408.186005,410.01001,410.01001,4447300
12/7/2020,411,416.799988,405.45401,407.850006,407.850006,4427300
12/8/2020,408.869995,419.5,406.75,412,412,5319400
12/9/2020,406.747986,409.98999,381.5,385.359985,385.359985,8956700
12/10/2020,382.730011,399,380.269989,397.959991,397.959991,4572100
12/11/2020,395.350006,397.338989,384.614014,397.01001,397.01001,4677400
12/14/2020,388.950012,396.75,376.679993,395.98999,395.98999,6820100
12/15/2020,398.505005,410.320007,395.079987,399.429993,399.429993,5144700
12/16/2020,400.485992,406.558014,393.459991,404,404,4158500
12/17/2020,408.720001,409.029999,399.559998,401.619995,401.619995,3792500
12/18/2020,403.799988,408.109985,398.25,406.01001,406.01001,6174800
12/21/2020,418.070007,427.759003,404.579987,408.970001,408.970001,8557400
12/22/2020,408.5,413.5,396.5,409,409,4211000
12/23/2020,402,402.600006,378.579987,383.880005,383.880005,9554400
12/24/2020,383.880005,384.880005,375,375.170013,375.170013,3850700
12/28/2020,370.399994,373.279999,349.019989,351.390015,351.390015,9454800
12/29/2020,350.660004,359.907013,350.130005,353.75,353.75,6080300
12/30/2020,358.420013,358.700012,345.399994,353.399994,353.399994,5474500
12/31/2020,351.769989,351.829987,336.100006,337.320007,337.320007,6559700
1/4/2021,340.399994,363.089996,339.200012,359.980011,359.980011,8598300
1/5/2021,360.390015,365.01001,349,360.829987,360.829987,4983500
1/6/2021,351,352.940002,341.920013,344.410004,344.410004,7124600
1/7/2021,346,354.480011,341.600006,342.5,342.5,5601200
1/8/2021,345.200012,350,340.339996,349.609985,349.609985,5009200
1/11/2021,344.980011,349.959991,336.850006,337.709991,337.709991,3360400
1/12/2021,333.200012,358.899994,331.100006,356.809998,356.809998,8934400
1/13/2021,360,384.230011,348.651001,364.630005,364.630005,14056500
1/14/2021,371,384.950012,370.5,383.23999,383.23999,9311000
1/15/2021,397.709991,404.440002,382.070007,384.529999,384.529999,12799500
1/19/2021,391.01001,396.769989,385.51001,393.869995,393.869995,5709400
1/20/2021,399.109985,399.529999,378.319,382.799988,382.799988,5713900
1/21/2021,383.029999,387.209991,372.029999,382.809998,382.809998,5180800
1/22/2021,380.98999,385.290009,376.380005,383.399994,383.399994,2791600
1/25/2021,388.98999,398.799988,378.269989,391.829987,391.829987,5178100
1/26/2021,391.079987,395.820007,372.200012,374.390015,374.390015,5151300
1/27/2021,367.5,384.253998,362.765991,370.73999,370.73999,4557500
1/28/2021,368,383.313995,363.859985,378.589996,378.589996,3374200
1/29/2021,379,385.910004,358.619995,372.070007,372.070007,3959000
2/1/2021,369,382.779999,368.130005,381.929993,381.929993,3443900
2/2/2021,384.5,394.890015,378.679993,391.839996,391.839996,3780100
2/3/2021,395.790009,395.790009,379,380.470001,380.470001,3433100
2/4/2021,383.5,390,376.869995,389.980011,389.980011,2528100
2/5/2021,387.859985,420,387.859985,419.589996,419.589996,9759100
2/8/2021,420.73999,422,406.5,410.809998,410.809998,3731500
2/9/2021,411.695007,434.670013,410.312988,430.029999,430.029999,5115400
2/10/2021,431.890015,441.220001,416.144012,431,431,4738300
2/11/2021,433.98999,443.75,429.51001,432.769989,432.769989,3502600
2/12/2021,431.519989,435,423.130005,433.109985,433.109985,2077800
2/16/2021,438.796997,451.769989,436.700012,444.51001,444.51001,4249200
2/17/2021,440.019989,441.200012,418.25,429.420013,429.420013,4006500
2/18/2021,426.75,428.880005,414,417.910004,417.910004,2645300
2/19/2021,419.220001,425.98999,414.5,417.26001,417.26001,2195000
2/22/2021,408.5,411.720001,390.600006,394.339996,394.339996,4340300
2/23/2021,371.01001,389.98999,351.809998,388.160004,388.160004,5558200
2/24/2021,383.130005,388.674988,375.619995,385.230011,385.230011,3442400
2/25/2021,383.779999,387.654999,361.01001,364.730011,364.730011,4585100
2/26/2021,367.950012,377.093994,356.17099,373.609985,373.609985,4702400
3/1/2021,388.660004,416.200012,387.01001,409.660004,409.660004,10044700
3/2/2021,439.600006,440,371.820007,372.790009,372.790009,18156600
3/3/2021,383,383.25,339,341.570007,341.570007,15526000
3/4/2021,347.799988,358.299988,333,343.089996,343.089996,10328100
3/5/2021,345.390015,347.75,314.380005,337.429993,337.429993,8255500
3/8/2021,334.98999,339.350006,309,310.929993,310.929993,6899100
3/9/2021,331.950012,343.575989,320.799988,342.109985,342.109985,5705200
3/10/2021,347.98999,355.690002,333.01001,336.029999,336.029999,4730000
3/11/2021,347.98999,357.39801,338.799988,355.170013,355.170013,3915400
3/12/2021,342.01001,350.440002,338.429993,346.390015,346.390015,2960800
3/15/2021,347.075989,351.559998,343.5,350,350,1988200
3/16/2021,351.98999,355.48999,333.690002,335.079987,335.079987,3333200
3/17/2021,328.570007,340.540009,322.660004,336.649994,336.649994,3593200
3/18/2021,330,330.329987,316,316.320007,316.320007,5434400
3/19/2021,316.829987,327.97699,313.630005,326.26001,326.26001,4981400
3/22/2021,329.450012,333.890015,327.01001,328.5,328.5,2947900
3/23/2021,330,347.399994,329.35199,339.76001,339.76001,5723800
3/24/2021,338.674988,339.98999,314.350006,314.959991,314.959991,4924500
3/25/2021,310.950012,320.630005,308.309998,314.850006,314.850006,3564800
3/26/2021,312.890015,320,306.75,319.950012,319.950012,3219800
3/29/2021,317.070007,322.970001,305.779999,308.390015,308.390015,3041400
3/30/2021,305,314.880005,302.320007,313.190002,313.190002,2837100
3/31/2021,315.234985,325.73999,311.130005,321.290009,321.290009,2773200
4/1/2021,325.980011,338.910004,325.5,326.230011,326.230011,2853900
4/5/2021,327.829987,328.5,313.100006,323.959991,323.959991,3024700
4/6/2021,323.75,332.660004,321.660004,329.790009,329.790009,3767100
4/7/2021,329.109985,333.440002,319.230011,323.079987,323.079987,4197700
4/8/2021,326.850006,333.98999,326,331.279999,331.279999,2821500
4/9/2021,329.102997,329.820007,319.420013,322.649994,322.649994,3216500
4/12/2021,318.100006,322.380005,315.190002,321.51001,321.51001,2964500
4/13/2021,327.358002,343.708008,325.5,342.75,342.75,5298200
4/14/2021,344.720001,345.019989,328.630005,329.200012,329.200012,2844900
4/15/2021,334.144989,338.420013,327.459991,332.380005,332.380005,3360700
4/16/2021,330.269989,333.75,326.869995,329.950012,329.950012,2476500
4/19/2021,327.519989,337.795013,320.5,324.329987,324.329987,3131900
4/20/2021,326.730011,327.549988,316.359985,321.779999,321.779999,2282500
4/21/2021,317.01001,323.109985,313.5,322.76001,322.76001,1917500
4/22/2021,322.665009,338.049988,322.665009,328.320007,328.320007,3328300
4/23/2021,331.48999,338.549988,328.23999,336.880005,336.880005,2454300
4/26/2021,337.51001,338,329.209991,336.420013,336.420013,2286700
4/27/2021,336.390015,341.679993,330.890015,333.48999,333.48999,2208300
4/28/2021,330.23999,334.700989,326.045013,331.25,331.25,1437600
4/29/2021,331.160004,332.5,318.890015,321.100006,321.100006,3121100
4/30/2021,318.029999,326.278992,317.23999,319.570007,319.570007,2152500
5/3/2021,320.23999,321.125,311.529999,313.920013,313.920013,2253000
5/4/2021,310.959991,311.5,298.769989,304.850006,304.850006,3727600
5/5/2021,306.529999,310.980011,294.5,297.589996,297.589996,2582600
5/6/2021,295.200012,295.200012,285.609985,293.049988,293.049988,3369100
5/7/2021,295.437012,304.696991,292.709991,295.23999,295.23999,2446200
5/10/2021,293.01001,293.940002,286.040009,288.48999,288.48999,2507800
5/11/2021,273.910004,302,273.200012,300.25,300.25,4084400
5/12/2021,291.049988,296.529999,282.404999,289.700012,289.700012,3419800
5/13/2021,293.980011,296.609985,275.799988,290.160004,290.160004,4608500
5/14/2021,292.149994,309.179993,292.149994,307.890015,307.890015,4357300
5/17/2021,304.829987,311.910004,301.929993,308.929993,308.929993,2905600
5/18/2021,309.410004,322.25,304.970001,312.859985,312.859985,3311900
5/19/2021,301.579987,311.51001,299,310.459991,310.459991,1728400
5/20/2021,314.25,325.950012,313.029999,324.709991,324.709991,3029400
5/21/2021,328.209991,329.450012,316.061005,316.399994,316.399994,2057300
5/24/2021,318.519989,324.029999,316.5,321.559998,321.559998,1855000
5/25/2021,322.709991,325.51001,316.079987,321.279999,321.279999,2160100
5/26/2021,324.299988,329.459991,323.23999,326.049988,326.049988,2374300
5/27/2021,324.109985,331,317.549988,326.429993,326.429993,3622100
5/28/2021,330.51001,336.329987,329.630005,331.529999,331.529999,2745700
6/1/2021,333.329987,336.140015,321.700012,327.720001,327.720001,6607100
6/2/2021,331.884003,333.790009,322.209991,327.109985,327.109985,6252100
6/3/2021,320.114014,325.829987,318.25,319.01001,319.01001,3107300
6/4/2021,321.591003,338.98999,319.769989,336,336,5604900
6/7/2021,332.670013,344.929993,331.122986,342.660004,342.660004,4538700
6/8/2021,343,350.149994,339.220001,341.26001,341.26001,2842700
6/9/2021,330.630005,340.339996,330.230011,333.630005,333.630005,2721200
6/10/2021,332.049988,346.880005,331,346.5,346.5,2809200
6/11/2021,347.640015,367.959991,345.100006,366.399994,366.399994,6783400
6/14/2021,361.869995,369.576996,359.398987,365.910004,365.910004,3444300
6/15/2021,364.5,364.5,357.048004,359,359,2587900
6/16/2021,357.815002,366.829987,355.410004,361.829987,361.829987,2669200
6/17/2021,358.204987,374.519989,358.204987,372.950012,372.950012,3416600
6/18/2021,374.01001,379.890015,370.929993,374.23999,374.23999,4569100
6/21/2021,368.779999,372.623993,363.290009,369.25,369.25,1896900
6/22/2021,368.51001,377,368.5,374.649994,374.649994,1999000
6/23/2021,375,382.709991,373.98999,376.920013,376.920013,2358900
6/24/2021,378.450012,382.5,372.320007,373.399994,373.399994,2438900
6/25/2021,374.070007,374.079987,364.079987,372.470001,372.470001,3647200
6/28/2021,375.940002,393.329987,374.5,388.859985,388.859985,3459900
6/29/2021,388.850006,395.440002,382.769989,394.730011,394.730011,2582700
6/30/2021,395,395.432007,385.540009,387.029999,387.029999,2249400
7/1/2021,386.119995,390.109985,382,386.480011,386.480011,1468000
7/2/2021,390.480011,398.720001,386.549988,388.890015,388.890015,2065000
7/6/2021,392.579987,403.470001,391.559998,401.119995,401.119995,3436200
7/7/2021,403.859985,406.480011,393.299988,393.910004,393.910004,2026600
7/8/2021,386,390.5,377.5,386.01001,386.01001,2748900
7/9/2021,381.019989,387.529999,377.791992,385.079987,385.079987,1918200
7/12/2021,385.410004,390.880005,378.269989,379.119995,379.119995,1902500
7/13/2021,379.040009,384.5,375.410004,378.390015,378.390015,1757400
7/14/2021,380.799988,381.309998,360.450012,360.609985,360.609985,2599600
7/15/2021,363.929993,368.575989,355.350006,356.809998,356.809998,2399700
7/16/2021,359.869995,365.5,354.339996,361.970001,361.970001,1887100
7/19/2021,356.329987,357.5,343.820007,354.200012,354.200012,7787600
7/20/2021,357.825012,359.23999,347.079987,355.809998,355.809998,4061100
7/21/2021,355.339996,355.799988,348.333008,352.970001,352.970001,2953400
7/22/2021,357.029999,367.100006,356.209991,361.390015,361.390015,3096000
7/23/2021,361.600006,362.5,351,359.230011,359.230011,2874300
7/26/2021,366.480011,375.829987,362.5,373.140015,373.140015,3842000
7/27/2021,374.76001,377.699005,357.869995,367.540009,367.540009,3080000
7/28/2021,368.480988,374.144989,364.230011,369.48999,369.48999,1870700
7/29/2021,376.070007,396.894989,375,386.019989,386.019989,6662100
7/30/2021,380.51001,392,377.529999,378.100006,378.100006,2870700
8/2/2021,378,382.420013,364,378.959991,378.959991,3163600
8/3/2021,378.130005,385.619995,371.588989,374.880005,374.880005,2190900
8/4/2021,376.880005,403,376.5,400.579987,400.579987,5563800
8/5/2021,395.733002,404.347992,391.820007,398.679993,398.679993,3427600
8/6/2021,392.299988,395,380.700012,383.470001,383.470001,3088000
8/9/2021,384.929993,385.5,378.200012,383.339996,383.339996,2306600
8/10/2021,385.700012,392.779999,371.579987,372.549988,372.549988,2806500
8/11/2021,374.920013,375.980011,352.744995,358.559998,358.559998,3510800
8/12/2021,358.339996,364.149994,355.019989,362.859985,362.859985,2063300
8/13/2021,362.220001,363.390015,353.589996,355.23999,355.23999,1743300
8/16/2021,354.600006,355,342.570007,348.410004,348.410004,2405500
8/17/2021,345.5,349.459991,341.29599,345.540009,345.540009,1991500
8/18/2021,345.5,346.970001,339.049988,340.929993,340.929993,2092700
8/19/2021,336.23999,337.98999,331.450012,332.380005,332.380005,2476000
8/20/2021,333.450012,344.359985,333.450012,336.859985,336.859985,2354400
8/23/2021,338.225006,342.48999,336.790009,341.299988,341.299988,2147300
8/24/2021,344.415985,346.329987,337.76001,340.25,340.25,1778100
8/25/2021,341.640015,344.049988,336.790985,337.73999,337.73999,2039200
8/26/2021,350.75,357.929993,340.25,340.630005,340.630005,4849000
8/27/2021,343.880005,344.779999,337.649994,340.809998,340.809998,3089600
8/30/2021,341.700012,348.299988,339.649994,347.5,347.5,10094400
8/31/2021,294,295.869995,288.299988,289.5,289.5,34582900
9/1/2021,292.850006,299.399994,290.049988,290.859985,290.859985,14996000
9/2/2021,292.799988,296.690002,290.410004,295.089996,295.089996,6645200
9/3/2021,295.325012,301.804993,292.029999,298.290009,298.290009,6127900
9/7/2021,298.295013,300.980011,294.799988,299.959991,299.959991,4251900
9/8/2021,299.549988,299.959991,290.529999,293.600006,293.600006,3934400
9/9/2021,292.160004,297.570007,291.130005,295.859985,295.859985,3350100
9/10/2021,296.910004,306.263,296.809998,301.5,301.5,6089600
9/13/2021,300.160004,300.274994,289.820007,290.23999,290.23999,4916100
9/14/2021,290.338013,291.880005,280.920013,281.440002,281.440002,6036800
9/15/2021,282.329987,283.070007,277.019989,279.119995,279.119995,4647400
9/16/2021,277.679993,279.290009,273.5,278.220001,278.220001,4676300
9/17/2021,279.790009,287.779999,278.369995,287.679993,287.679993,5423400
9/20/2021,278.649994,285,276.910004,280.670013,280.670013,3905300
9/21/2021,281.027008,281.170013,275.065002,278.23999,278.23999,4168300
9/22/2021,276.200012,279.390015,275.25,277.950012,277.950012,2973700
9/23/2021,279.910004,280.359009,275.450012,276.190002,276.190002,2867900
9/24/2021,274.640015,275.899994,267.19101,272.359985,272.359985,4051700
9/27/2021,269.48999,275.23999,266.109985,272.880005,272.880005,3084100
9/28/2021,269.48999,270.61499,259.799988,261.890015,261.890015,5212900
9/29/2021,262.320007,266.859985,256.880005,257.410004,257.410004,4316300
9/30/2021,257.386993,264.878998,255.25,261.5,261.5,4733100
10/1/2021,268.770996,274.570007,262.700012,267.51001,267.51001,8664800
10/4/2021,264.23999,264.572998,253.410004,259.579987,259.579987,5004600
10/5/2021,259.839996,262.73999,256.850006,257.119995,257.119995,3712100
10/6/2021,251.300003,257.880005,250.110001,253.649994,253.649994,3905500
10/7/2021,254.429993,258.480011,253.809998,256.269989,256.269989,2672200
10/8/2021,257.230011,260.540009,253.632996,255.050003,255.050003,2261900
10/11/2021,252.179993,258.410004,252,253.970001,253.970001,1722500
10/12/2021,255.270004,257.339996,253.100006,255.490005,255.490005,3061100
10/13/2021,257.73999,268.279999,257.303986,266.23999,266.23999,3764800
10/14/2021,270.5,274,266.839996,267.01001,267.01001,3063900
10/15/2021,267,267.980011,264.252991,266.320007,266.320007,2794100
10/18/2021,265.670013,274.829987,265.5,274.230011,274.230011,2649200
10/19/2021,274.529999,279.809998,273.829987,276.399994,276.399994,2379400
10/20/2021,277.350006,280.200012,272.674988,275.709991,275.709991,1740700
10/21/2021,273.640015,278.140015,272.600006,274.779999,274.779999,1496600
10/22/2021,283.51001,286.660004,276.119995,277.579987,277.579987,3318200
10/25/2021,276.040009,282.980011,275.720001,279.790009,279.790009,2925600
10/26/2021,283.329987,286.940002,277.769989,278.700012,278.700012,2420900
10/27/2021,278.940002,282.480011,276.105011,276.230011,276.230011,1035181
